id,session_log_id,useraccount_id,subject_id,counter,class_id,school_id,is_parent_post,reply_to_post_id,karma_awarded_id,comment_text,label,image_url,document_url,is_active,is_moved,is_hidden,is_starred,is_sticky,is_welcome_post,last_poster_permissions,access_permissions,answer_status_flags,ts_created,ts_modified,TOXICITY,IDENTITY_ATTACK,INSULT,PROFANITY,THREAT,SEXUALLY_EXPLICIT
8144,676326,940889,1,9143,,11204,0,8126,,Gonna shoot myself I shoulder known how to do that :/,1,,,1,0,0,0,,,,4294967295,0,11/2/2013 3:46,11/2/2013 3:46,1,0,0,1,1,0
11048,676343,940889,1,12047,,11204,0,11024,,Mohamad shut your mouth please I don't like being insulted,1,,,0,0,0,0,,,,4294967295,0,11/5/2013 2:00,11/5/2013 2:00,1,1,1,1,0,0
11696,661378,920879,1,12695,,11802,0,11691,,"i completly agree with you daniel, now go to hell.
",1,,,0,0,0,0,,,,4294967295,0,11/5/2013 16:41,11/5/2013 16:41,1,0,1,1,1,0
11700,661378,920879,1,12699,,11802,0,11691,,"i completly agree with you daniel, now go to hell.
",1,,,0,0,0,0,,,,4294967295,0,11/5/2013 16:41,11/5/2013 16:41,1,0,1,1,1,0
17102,676374,940889,1,18101,,11204,0,17096,,Oh go well now that I look at James' answer I feel like an idiot...,0,,,1,0,0,0,,,,4294967295,0,11/11/2013 1:12,11/11/2013 1:12,1,0,1,1,0,0
20121,609986,794414,1,21120,,11644,0,20084,,im sorry too but grant dont be a suck up,1,,,0,0,0,0,,,,4294967295,0,11/18/2013 15:49,11/18/2013 15:49,1,0,1,1,0,1
32824,611757,800309,1,33823,,11671,0,32823,,"do it yourself I DNT WANT TO DO IT SUCK BUTT
",1,,,1,0,0,0,,,,4294967295,0,12/12/2013 13:44,12/12/2013 13:44,1,0,1,1,0,1
32846,611757,800309,1,33845,,11671,0,32826,,"out of all things nd u put  ''BOFL'' u suck
",1,,,0,0,0,0,,,,4294967295,0,12/12/2013 14:04,12/12/2013 14:04,1,0,1,1,0,1
40364,656217,919005,1,41363,,11970,0,40351,,"Yes, but only if you act up, by say spamming the wall, making useless posts, or just be a jerk to people, etc.",1,,,1,0,0,0,,,,4294967295,0,1/7/2014 0:54,5/9/2014 23:02,1,0,1,1,0,0
41386,671426,934953,1,42385,,11204,0,41364,,Oh sorry and 1-1 is 0 so we get 2x=-1 divide bith sides by 2,0,,,1,0,0,0,,,,4294967295,0,1/8/2014 1:03,1/8/2014 1:03,1,0,1,1,0,1
43838,665975,926983,1,44837,,11478,0,43832,,somebody talk to me... i decided to sit back here like an idiot,1,,,0,0,0,0,,,,4294967295,0,1/9/2014 20:38,1/9/2014 20:38,1,0,1,1,0,0
43842,665975,926983,1,44841,,11478,0,43832,,juvian if i could curse without getting kicked from the site i would like so start the S***,0,,,0,0,0,0,,,,4294967295,0,1/9/2014 20:41,1/9/2014 20:41,1,0,1,1,1,1
66781,225064,1445165,1,67780,,12427,0,66770,,learn how to ride dick then come talk to me Ok:),1,,,0,0,0,0,,,,4294967295,0,1/30/2014 15:37,1/30/2014 15:37,1,0,1,1,0,1
66793,162007,1321928,1,67792,,12970,0,66770,,"Omg.... you do realize that you are a nasty pervert, right? Geezus, calm urself!!! ",1,,,0,0,0,0,,,,4294967295,0,1/30/2014 15:40,1/30/2014 15:40,1,0,1,1,0,0
66816,225064,1445165,1,67815,,12427,0,66804,,bitch i got my diploma and im going to college in a month so shut up #dumbsluts,1,,,0,0,0,0,,,,4294967295,0,1/30/2014 15:46,1/30/2014 15:46,1,0,1,1,0,1
66819,225064,1445165,1,67818,,12427,0,66804,,im on here just to fuck with u faggots its hilarious,1,,,0,0,0,0,,,,4294967295,0,1/30/2014 15:46,1/30/2014 15:46,1,1,1,1,0,1
66838,225064,1445165,1,67837,,12427,0,66799,,wassup then bruh i want the fade then kenneth if u wanna talk shit then whr u at bitch,1,,,0,0,0,0,,,,4294967295,0,1/30/2014 15:49,1/30/2014 15:51,1,0,1,1,0,1
66845,225064,1445165,1,67844,,12427,0,66799,,shut up hoe just know i want the fade fuck nigga u wanna b a lil pussy ass snitch then wassup bruh put them hands up fuckboy,1,,,0,0,0,0,,,,4294967295,0,1/30/2014 15:51,1/30/2014 15:53,1,1,1,1,1,1
67149,688097,951820,1,68148,,11535,0,67122,,"inbox me yakelin ill show u my fist 1+1=2 fist in your mouth
",1,,,0,0,0,0,,,,4294967295,0,1/30/2014 20:44,1/30/2014 20:44,1,0,1,1,1,1
74862,312816,1645031,1,75861,,13402,0,74856,,"i think they are both stupid, like you sara vargas",1,,,0,0,0,0,,,,4294967295,0,2/6/2014 14:13,2/6/2014 14:47,1,0,1,1,0,0
75520,161566,1321483,1,76519,,12970,0,75515,,Why your booty smell like a bag of fish sicks,1,,,0,0,0,0,,,,4294967295,0,2/6/2014 19:23,2/6/2014 21:07,1,0,1,1,0,1
75523,161566,1321483,1,76522,,12970,0,75515,,your t*****s hang down like orangutang bits b***h you stank,1,,,0,0,0,0,,,,4294967295,0,2/6/2014 19:25,2/6/2014 19:25,1,0,1,1,1,1
76728,2706,1009649,1,77727,,11930,0,76697,,darn now I have a 75 in science :( stupid da test...well thanks ,0,,,1,0,0,0,,,,4294967295,0,2/7/2014 21:54,2/7/2014 21:54,1,0,1,1,0,0
77588,325043,1657456,1,78587,,13068,0,77507,,um no :[ i am still confused! i feel like the biggest idiot in the world right now!,0,,,1,0,0,0,,,,4294967295,0,2/8/2014 23:37,2/8/2014 23:37,1,0,1,1,0,0
83441,363402,1756861,1,84440,,13586,0,66804,,"You* for real* the #@$%*. you get the point, not only do you need english help but you talk like your a angry 7 year old.",1,,,0,0,0,0,,,,4294967295,0,2/14/2014 12:24,2/14/2014 12:24,1,0,1,1,0,1
86697,406302,1888254,1,87696,,13803,0,86657,,ELI!!! UHHHHHH don't be a jerk and Lauren I have 300,1,,,0,0,0,0,,,,4294967295,0,2/19/2014 14:43,2/19/2014 14:43,1,0,1,1,0,0
95312,406503,1888281,1,96311,,13803,0,95259,,t     h     a     n    k     s            g    u     y     s!!!,0,,,1,0,0,0,,,,4294967295,0,2/26/2014 14:42,2/26/2014 14:42,1,1,1,1,1,1
95365,405559,1888144,1,96364,,13803,0,95344,,where are my points??? DANG HOW MANY TIMES DO I GOTTA POST CRAP TO GET POINTS!!!!,1,,,1,0,0,0,,,,4294967295,0,2/26/2014 14:53,2/26/2014 14:53,1,0,1,1,0,0
97702,321578,1653536,1,98701,,13413,0,97680,,"Oh, I hate you. And so does the Joker, my boyfriend. So there :P",1,,,1,0,0,0,,,,4294967295,0,2/27/2014 18:30,2/27/2014 18:30,1,1,1,1,0,0
102425,213803,1427844,1,103424,,13087,0,102418,,the algebra gods have no pity on mere mortal scum like yourself ,1,,,0,0,0,0,,,,4294967295,0,3/3/2014 13:25,3/3/2014 13:25,1,0,1,1,0,0
106420,585158,595198,1,107419,,11499,0,106405,,"you still suck dick
and you are very bad at computer games.
",1,,,0,0,0,0,,,,4294967295,0,3/5/2014 16:13,3/5/2014 16:13,1,0,1,1,0,1
106424,585158,595198,1,107423,,11499,0,106405,,"your life is the most ungrateful thing that happened to your mother
",1,,,0,0,0,0,,,,4294967295,0,3/5/2014 16:15,3/5/2014 16:15,1,0,1,1,0,0
106724,6398,1021571,1,107723,,11898,0,106681,,math is a fucking wast of time. why do we need to learn it if we don't use it?,1,,,0,0,0,0,,,,4294967295,0,3/5/2014 18:42,3/5/2014 18:42,1,0,1,1,0,0
109462,639359,886017,1,110461,,11755,0,109436,,"oh and then find the factors of that number and the ones that ass up to 23 you use, right?",0,,,0,0,0,0,,,,4294967295,0,3/6/2014 22:39,3/6/2014 22:39,1,0,1,1,0,1
110591,496429,406679,1,111590,,11048,0,110552,,thanks you guys suck! i mean you guys are so nice,1,,,0,0,0,0,,,,4294967295,0,3/7/2014 17:53,3/7/2014 17:53,1,0,1,1,0,1
110622,425317,2023472,1,111621,,13977,0,110565,,bruh get off my junk and brush the doodoo out  your freaking mouth ! you stank tongue lizzard !,1,,,0,0,0,0,,,,4294967295,0,3/7/2014 17:58,3/7/2014 18:24,1,0,1,1,0,1
112670,181368,1375222,1,113669,,12528,0,112666,,no but they can report you by commenting stupid things such as this,1,,,0,0,0,0,,,,4294967295,0,3/10/2014 15:27,3/10/2014 15:27,1,0,1,1,0,0
112872,394969,1846787,1,113871,,13720,0,112870,,Fuck bitches and fuck you to miguel bitch help me  step by step bitch,1,,,0,0,0,0,,,,4294967295,0,3/10/2014 17:59,3/10/2014 17:59,1,1,1,1,1,1
116128,631290,874034,1,117127,,14346,0,116121,,"that sucks, can you get switched to the class you belong in?",1,,,1,0,0,0,,,,4294967295,1,3/12/2014 13:59,3/16/2014 15:12,1,0,1,1,0,0
116414,414453,2012121,1,117413,,13966,0,116336,,"give m some karma points mff ... damn u go alot 1700
GIVE ME SOME B4 I COME TO MIAMI N ************* YOU
",1,,,0,0,0,0,,,,4294967295,0,3/12/2014 16:31,3/12/2014 16:32,1,0,1,1,1,1
118043,107912,1179043,1,119042,,12354,0,118042,,its what comes out your but when your on the shiter ,1,,,0,0,0,0,,,,4294967295,0,3/13/2014 11:58,3/13/2014 11:58,1,0,1,1,0,0
118800,594161,668243,1,119799,,11291,0,118698,,"algebra sucks                                               jk
",1,,,0,0,0,0,,,,4294967295,0,3/13/2014 21:56,3/13/2014 21:57,1,0,1,1,0,1
127930,351404,1747946,1,128929,,13593,0,127914,,omg bobby shut im going to get you and pound you into dirt!!!!!!!!!!!!!!!!!,1,,,0,0,0,0,,,,4294967295,0,3/20/2014 12:22,3/20/2014 12:22,1,0,1,1,1,0
134926,458013,2215000,1,135925,,14256,0,134924,,1,,,,0,0,0,0,,,,4294967295,0,3/28/2014 18:09,3/28/2014 18:09,1,0,1,1,1,0
142292,303329,1608250,1,143291,,13245,0,142188,,"These videos don't even help, dude talks to us like were slow. turns out he's the slow one.#loser.",1,,,0,0,0,0,,,,4294967295,0,4/2/2014 22:28,4/2/2014 22:29,1,0,1,1,0,0
142293,303329,1608250,1,143292,,13245,0,142188,,"These videos don't even help, dude talks to us like were slow. turns out he's the slow one.#loser.",1,,,0,0,0,0,,,,4294967295,0,4/2/2014 22:28,4/2/2014 22:29,1,0,1,1,0,0
142294,303329,1608250,1,143293,,13245,0,142188,,"These videos don't even help, dude talks to us like were slow. turns out he's the slow one.#loser.",1,,,0,0,0,0,,,,4294967295,0,4/2/2014 22:28,4/2/2014 22:29,1,0,1,1,0,0
147414,689980,955921,1,148410,,11204,0,147409,,Shoot missed this one while doing readingplus.. ugh stupid multitasking,1,,,1,0,0,0,,,,4294967295,0,4/5/2014 0:06,4/5/2014 0:06,1,0,1,1,0,0
155923,509923,416940,1,156919,,15761,0,155866,,robby your retarded okay dony forget what you did on the bus with christian XD,1,,,1,0,0,0,,,,4294967295,0,4/9/2014 14:41,9/16/2014 18:15,1,1,1,1,0,0
155926,201804,1419057,1,156922,,12461,0,155920,,"your mother was a hamster and your father smealt of elderberries
",1,,,0,0,0,0,,,,4294967295,0,4/9/2014 14:41,4/9/2014 15:45,1,0,1,1,0,0
155932,678061,942206,1,156928,,11204,0,155799,,You guys are morons (except the study expert and Gonzalo),1,,,0,0,0,0,,,,4294967295,0,4/9/2014 14:42,4/9/2014 14:42,1,0,1,1,0,0
155968,509923,416940,1,156964,,15761,0,155866,,"arnt you fun 
no your not reporting  people is stupid 
you got freedom of speech ",1,,,1,0,0,0,,,,4294967295,0,4/9/2014 14:48,9/16/2014 18:15,1,0,1,1,0,0
156128,511090,418369,1,157124,,15761,0,156016,,YOU GUYS ARE BEING STUPID YOU GUYS ARE GIVING US A BAD NAME PEOPLE ARE TRYING TO TAKE THIS SERIUOSLY AND YOU GUYS NEED TO GROW UP,1,,,0,0,0,0,,,,4294967295,0,4/9/2014 15:14,9/16/2014 18:15,1,0,1,1,0,0
162510,154783,1313766,1,163506,,13017,0,162505,,WTF!!! GET THE HECK OF THIS SITE IF UR GOING TO ACT LIKE SOME RETARD,1,,,0,0,0,0,,,,4294967295,0,4/11/2014 15:34,4/11/2014 15:34,1,1,1,1,0,0
162587,156731,1316574,1,163583,,13017,0,162552,,Dis bitch paige is a hater. i think she wants to ride ur dick bro,1,,,0,0,0,0,,,,4294967295,0,4/11/2014 15:43,4/11/2014 15:43,1,1,1,1,1,1
162682,472170,2275430,1,163678,,14287,0,162626,,i was kidding you faggot if you haven tnoticed eberyone is messing around here dumb retard,1,,,0,0,0,0,,,,4294967295,0,4/11/2014 15:51,4/11/2014 15:51,1,1,1,1,0,1
162695,470467,2266794,1,163691,,14287,0,162662,,stop being stupid and pay attention im right next to you,1,,,0,0,0,0,,,,4294967295,0,4/11/2014 15:52,4/11/2014 15:52,1,0,1,1,0,0
164862,156732,1316574,1,165858,,13017,0,162552,,"why the fuck would u snitch. u fucking miserable ass person
",1,,,0,0,0,0,,,,4294967295,0,4/12/2014 16:28,4/12/2014 16:28,1,0,1,1,0,1
168476,117223,1217384,1,169472,,12715,0,168471,,"I will report you for calling me stupid and lame.
",0,,,0,0,0,0,,,,4294967295,0,4/14/2014 12:55,4/14/2014 12:55,1,0,1,1,0,0
172729,626204,858207,1,173725,,11700,0,172719,,ICL is a program used in pre-algebra classes that really sucks,1,,,1,0,0,0,,,,4294967295,0,4/15/2014 19:16,4/15/2014 19:16,1,0,1,1,0,1
175315,448120,2125068,1,176311,,14094,0,175297,,"Well it really stupid! Im trying to help you out and i dont want to see stupid posts!!!!
",1,,,1,0,0,0,,,,4294967295,0,4/16/2014 17:29,4/16/2014 17:29,1,0,1,1,0,0
179731,697247,967250,1,180727,,11840,0,179711,,all you guys are stupid these people trying to help and all u do is nag and none of u give them credit they deserve  ,1,,,0,0,0,0,,,,4294967295,0,4/18/2014 16:11,4/18/2014 16:11,1,1,1,1,0,0
179831,11487,3103818,1,180827,,11804,0,179729,,"don't feet stupid!  you got it!

here's 100 KP to everyone who helped on this post!",1,,,1,0,0,0,,,,4294967295,1,4/18/2014 16:39,4/18/2014 16:39,1,0,1,1,0,0
186003,316227,1648431,1,186999,,13402,0,185996,,haha fag u sit on here all day ur fat af,1,,,0,0,0,0,,,,4294967295,0,4/21/2014 21:16,4/21/2014 21:16,1,1,1,1,0,1
190732,239417,1479084,1,191728,,12810,0,190711,,"so i am guessing you are crazy and a cuban
",1,,,0,0,0,0,,,,4294967295,0,4/23/2014 17:06,4/23/2014 17:06,1,1,1,1,0,0
190734,239417,1479084,1,191730,,12810,0,190711,,"so i am guessing you are crazy and a cuban
",1,,,0,0,0,0,,,,4294967295,0,4/23/2014 17:06,4/23/2014 17:06,1,1,1,1,0,0
191124,157279,1317210,1,192120,,12928,0,191040,,YOU ACT LIKE YOUR CODE IS RAW HALF THE SHIT YOU WEAR DNT BE MATCHIN,1,,,0,0,0,0,,,,4294967295,0,4/23/2014 18:22,4/23/2014 18:22,1,0,1,1,0,1
191405,316229,1648431,1,192401,,13402,0,191352,,luke han get over it. the fact is u hAVE NO LIFE AND THAT IS Y U STORED IT ON YOUR GOOGLE DRIVE. You do not work for this website u are  a student just like me so **curse word** off,1,,,0,0,0,0,,,,4294967295,0,4/23/2014 21:18,4/23/2014 21:31,1,0,1,1,0,0
191421,316229,1648431,1,192417,,13402,0,191352,,austin told me to shut up i screen shotted it and am reporting u to your school,1,,,1,0,0,0,,,,4294967295,0,4/23/2014 21:23,4/23/2014 21:23,1,0,1,1,1,0
196147,156743,1316574,1,197143,,13017,0,196137,,naw she is a butthole. i wanted to say the other word but i will get in trouble,1,,,0,0,0,0,,,,4294967295,0,4/25/2014 19:16,4/25/2014 19:16,1,0,1,1,0,1
202252,300349,1602017,1,203248,,13217,0,202231,,this is for learnin g not for spaming stupid comments ,1,,,0,0,0,0,,,,4294967295,0,4/29/2014 18:08,4/29/2014 18:08,1,0,1,1,0,0
205169,249902,1506832,1,206165,,13162,0,205149,,"And without idiots like him, how would we know how not to act?",1,,,0,0,0,0,,,,4294967295,0,4/30/2014 17:56,4/30/2014 17:56,1,0,1,1,0,0
206793,381972,1777832,1,207789,,13669,0,206742,,stupid people these days( ment for me not you guys),1,,,0,0,0,0,,,,4294967295,0,5/1/2014 0:18,5/1/2014 0:18,1,0,1,1,0,0
207572,48052,1082962,1,208568,,12053,0,207564,,"I suck at... well, any &quot;nomials&quot;, so i guess ill still get an A.",1,,,1,0,0,0,,,,4294967295,0,5/1/2014 14:31,5/1/2014 14:31,1,0,1,1,0,1
207716,335266,1687320,1,208712,,13459,0,207666,,Bra yo white cracka @$$ better not join or we jump yo @$$ cuz' us Nigs don't got no time for that,1,,,0,0,0,0,,,,4294967295,0,5/1/2014 15:07,5/1/2014 15:07,1,1,1,1,1,1
210793,509797,416774,1,211789,,15761,0,210774,,cats suck they just get fat and sit around they dont protect u from anything,1,,,0,0,0,0,,,,4294967295,0,5/2/2014 14:52,9/16/2014 18:15,1,0,1,1,0,1
210912,156755,1316574,1,211908,,13017,0,210905,,"DEATH TO AMERIKA
AND BUTTER SAUCE
DONT BOIL ME
IM STILL ALIVE!!

IRAQ LOBSTER",1,,,0,0,0,0,,,,4294967295,0,5/2/2014 15:10,5/2/2014 15:10,1,1,1,1,1,0
212589,340387,1716793,1,213585,,13534,0,212554,,"i get it
im not n idiot....
i thnl im not so sure what an idiot is
",1,,,0,0,0,0,,,,4294967295,0,5/3/2014 13:13,5/3/2014 13:13,1,0,1,1,0,0
212594,292154,1580563,1,213590,,13273,0,212554,,"
Informal.  an utterly foolish or senseless person: If you think you can wear that outfit to a job interview and get hired, you're an idiot! 

definition + example from dictionary.com",1,,,0,0,0,0,,,,4294967295,0,5/3/2014 13:14,5/3/2014 13:14,1,0,1,1,0,0
212726,466245,2239787,1,213722,,14362,0,212688,,"10 now? sucks because  that's two hours of spam,and boringness ",1,,,1,0,0,0,,,,4294967295,0,5/3/2014 14:10,5/3/2014 14:10,1,0,1,1,0,1
215980,624425,848987,1,216976,,11624,0,215931,,"yeah but for some reason it's not loading, stupid computer!",1,,,1,0,0,0,,,,4294967295,0,5/4/2014 18:42,5/4/2014 18:42,1,0,1,1,0,0
218765,583150,579593,1,219761,,11424,0,218763,,its ok ur being very annoying and posting stupid vids ,1,,,0,0,0,0,,,,4294967295,0,5/5/2014 16:21,5/5/2014 16:21,1,0,1,1,0,0
221229,421208,2015774,1,222225,,13959,0,221216,,i hate math !!!!! stupid teacher making me do this useless crap,1,,,0,0,0,0,,,,4294967295,0,5/6/2014 3:36,5/6/2014 4:54,1,1,1,1,0,0
221724,388310,1817612,1,222720,,13669,0,221335,,"nawww, you guys are dumb. you guys dont know none of that math. faqs",1,,,0,0,0,0,,,,4294967295,0,5/6/2014 15:03,5/6/2014 15:13,1,0,1,1,0,0
222915,639442,886017,1,223911,,11755,0,222832,,there are real idiots on the wall so dont be one. it will get reported thanks for not being mean =),1,,,1,0,0,0,,,,4294967295,0,5/6/2014 19:43,5/6/2014 19:43,1,0,1,1,0,0
222959,639442,886017,1,223955,,11755,0,222902,,"it was just a bunch of jerks who were saying mean things.

but now that i can help...

and yes i know how to do it.

do u know what a perfect square is?

also heres an example",1,https://s3.amazonaws.com/algebranation/groupboard_uploads/712DA0AD23E920DC469857B03B278205.,,0,0,0,0,,,,4294967295,0,5/6/2014 19:50,5/6/2014 19:50,1,0,1,1,0,0
223401,337008,1690885,1,224397,,13534,0,223287,,"keep the jerks out, if only there were a way to report people so they could get kicked out of Algebra Nation",1,,,1,0,0,0,,,,4294967295,0,5/6/2014 21:18,5/6/2014 21:18,1,1,1,1,1,0
226407,528,1001912,1,227403,,11913,0,226399,,"*skrillex* i want t o kill everybody in da world~~~
WOWAA DODODOD",1,,,0,0,0,0,,,,4294967295,0,5/7/2014 18:30,5/7/2014 18:30,1,0,1,1,1,0
229528,267917,1550323,1,230524,,13247,0,229518,,SHUT UP lunch in 15 minutes u dont deserve no points now be quiet,1,,,0,0,0,0,,,,4294967295,0,5/8/2014 15:11,5/8/2014 15:11,1,0,1,1,0,0
229616,627491,863811,1,230612,,11697,0,229611,,"shes an admin THATS WHY IT SAYS &quot;STUDY EXPERT&quot; NEXT TO HER NAME READ BEFORE POSTING STUPID PLS
",1,,,0,0,0,0,,,,4294967295,0,5/8/2014 15:37,5/8/2014 15:37,1,0,1,1,0,0
229902,460958,2223641,1,230898,,14286,0,229663,,No i do not want to cheer you up for your stupid EOC i have to take mine next week and you don't hear me complaining!! So have a nice day and good luck!!!! ,1,,,1,0,0,0,,,,4294967295,0,5/8/2014 16:33,5/8/2014 16:33,1,0,1,1,0,0
232587,704683,990733,1,233583,,11888,0,232549,,Brandon that'd suck. Delete that posts don't give em any ideas!!!!,1,,,0,0,0,0,,,,4294967295,0,5/9/2014 12:48,5/9/2014 13:06,1,0,1,1,0,1
232598,452803,2135481,1,233594,,14176,0,232549,,"micheal why u tell them where we at u dumb
",1,,,0,0,0,0,,,,4294967295,0,5/9/2014 12:51,5/9/2014 12:53,1,0,1,1,0,0
232684,452642,2133425,1,233680,,14176,0,232682,,u guys are the worst modrators ever like da f*k,1,,,0,0,0,0,,,,4294967295,0,5/9/2014 13:49,5/9/2014 13:49,1,0,1,1,0,1
233100,391770,1834343,1,234096,,13640,0,233073,,Your so mean to him lets say to him shut up poop ,1,,,0,0,0,0,,,,4294967295,0,5/9/2014 14:57,5/9/2014 14:57,1,0,1,1,0,1
233548,347020,1738718,1,234544,,13600,0,233523,,no i tired of it i am pissed off i can curse if i want,1,,,0,0,0,0,,,,4294967295,0,5/9/2014 15:33,5/9/2014 15:33,1,0,1,1,1,1
233550,347020,1738718,1,234546,,13600,0,233523,,no i tired of it i am pissed off i can curse if i want,1,,,0,0,0,0,,,,4294967295,0,5/9/2014 15:33,5/9/2014 15:33,1,0,1,1,1,1
233562,347020,1738718,1,234558,,13600,0,233523,,shut the fuck up daivd im not small so fuck you,1,,,0,0,0,0,,,,4294967295,0,5/9/2014 15:33,5/9/2014 15:33,1,0,1,1,0,1
233570,347020,1738718,1,234566,,13600,0,233523,,shut the fuck up i can amy so fuck you,1,,,0,0,0,0,,,,4294967295,0,5/9/2014 15:34,5/9/2014 15:34,1,0,1,1,1,1
234304,570802,558387,1,235300,,11473,0,234293,,DUDE! GET A LIFE. YOUR STUPID FOR POSTING SOMETHING LIKE THAT ON HERE. IM'A LIFE WHEN YOU GET IN TROUBLE FOR DAT D:&lt;,1,,,0,0,0,0,,,,4294967295,0,5/9/2014 17:57,5/9/2014 17:57,1,0,1,1,0,0
234334,254494,1524358,1,235330,,13247,0,234326,,sdfu u lame ass world of war craft playing mfer,1,,,0,0,0,0,,,,4294967295,0,5/9/2014 18:01,5/9/2014 18:01,1,1,1,1,0,1
234363,226394,1448164,1,235359,,12780,0,234355,,go on the algebanation workbook and see how it gose and dont freak out about the eoc because if you try harder you can get a better job and get a lot of money so stop being like a jerk ,1,,,0,0,0,0,,,,4294967295,0,5/9/2014 18:07,5/9/2014 18:07,1,0,1,1,0,0
234717,680740,944048,1,235713,,11204,0,234704,,"chayon I told u not to post these stupid comments
",1,,,1,0,0,0,,,,4294967295,0,5/9/2014 19:15,5/9/2014 19:15,1,0,1,1,0,0
234807,577377,565837,1,235803,,11473,0,234754,,william shut your mouth she asked you nicely so please shut your mouth,1,,,0,0,0,0,,,,4294967295,0,5/9/2014 19:36,5/9/2014 19:54,1,0,1,1,0,0
235932,155173,1314155,1,236928,,12995,0,235862,,"SHUTCHO FAT MATH MOUTH UP U ARE SUCH A GREAT MATH MOKEY!!!
",1,,,1,0,0,0,,,,4294967295,0,5/10/2014 13:55,5/10/2014 13:55,1,0,1,1,0,0
241342,37274,1073310,1,242338,,12038,0,241340,,i need help with the square root of why people are dumb,1,,,0,0,0,0,,,,4294967295,0,5/12/2014 12:46,5/12/2014 12:46,1,0,1,1,0,0
241479,226396,1448164,1,242475,,12780,0,241471,,seriously get algebra in your head not stupid stuff like this the eoc is coming and don't joke aroud because do you want to pass yes or no ,1,,,0,0,0,0,,,,4294967295,0,5/12/2014 14:47,5/12/2014 14:47,1,0,1,1,0,0
242558,558556,541544,1,243553,,11190,0,242519,,mines isnt either and at least i'm not a jerk nor a dumbass like you,1,,,0,0,0,0,,,,4294967295,0,5/12/2014 18:26,5/12/2014 18:26,1,0,1,1,0,1
242630,570804,558387,1,243625,,11473,0,242519,,"yo. Im getting pissed. Ya be quiet cuz dis stupid and time wasting.
If ya get self respect, then ya would stop posting",1,,,0,0,0,0,,,,4294967295,0,5/12/2014 18:39,5/12/2014 18:39,1,0,1,1,0,0
242637,648656,910122,1,243632,,11764,0,242519,,Yeah right calm down its only math . Shut up and stop getting butt hurt about it.,1,,,0,0,0,0,,,,4294967295,0,5/12/2014 18:41,5/12/2014 18:41,1,0,1,1,0,1
245415,700678,979205,1,246410,,11893,0,245399,,idgaf and ok algebra related one plus one equal i will put my foot up your ass if u wont shut the fuck up,1,,,0,0,0,0,,,,4294967295,0,5/13/2014 13:36,5/13/2014 13:45,1,0,1,1,1,1
245423,700678,979205,1,246418,,11893,0,245136,,wow this website is sooooo boof u get no help on here like wtf they need to shut this shit down frfr like real talk this ish boof asf,1,,,0,0,0,0,,,,4294967295,0,5/13/2014 13:44,5/13/2014 13:49,1,0,1,1,0,1
245593,378946,1769494,1,246588,,13624,0,245517,,nah brah u wanna fight me fight me im bad at math but i got dogs comeon what u gon do ill fight u and take yo dumb self down,1,,,0,0,0,0,,,,4294967295,0,5/13/2014 15:38,5/13/2014 15:38,1,0,1,1,1,0
245614,378948,1769494,1,246609,,13624,0,245611,,yo shut up u nasty and u need to keep yo maf on here dumbchump,1,,,0,0,0,0,,,,4294967295,0,5/13/2014 15:56,5/13/2014 16:02,1,0,1,1,0,0
248905,466262,2239787,1,249900,,14362,0,248836,,"You'll get used to it. I remember when I started, I sucked too ",1,,,1,0,0,0,,,,4294967295,0,5/14/2014 18:34,5/14/2014 18:34,1,0,1,1,0,1
251154,328148,1659661,1,252149,,13423,0,251141,,hes being stupid and wrighting mean stuff on peoples walls hes scared to wright something on mine though,1,,,0,0,0,0,,,,4294967295,0,5/15/2014 17:06,5/15/2014 17:06,1,0,1,1,0,0
251161,61556,1091353,1,252156,,12073,0,251141,,so u are calling me mean and you just call me jerk? JERK.  SOB,1,,,0,0,0,0,,,,4294967295,0,5/15/2014 17:07,5/15/2014 17:07,1,0,1,1,0,0
251508,172785,1349855,1,252503,,13017,0,251506,,YOUR MOMS NOT ALGEBRA RELATED SO U CANT BE TALKING U SWIPE WIPE,1,,,0,0,0,0,,,,4294967295,0,5/15/2014 19:15,5/15/2014 19:16,1,0,1,1,0,1
262263,466277,2239787,1,263258,,14362,0,262247,,"Good. Apple sucks so screw iPhones. Go android. Can we save this for later, it's gone busy again ",1,,,1,0,0,0,,,,4294967295,0,5/24/2014 18:41,5/24/2014 18:41,1,1,1,1,0,1
42,,764468,1,1041,,12129,0,27,,Welcome to Algebra Nation! Let us know if you have any questions about algebra!,0,,,0,0,0,0,,,,4294967295,0,41562.52434,41591.86985,0,0,0,0,0,0
43,,481862,1,1042,,11576,1,,,morning peeps,0,,,1,0,0,0,,,364534,4294967295,1,41562.5437,41563.00528,0,0,0,0,0,0
44,,481862,1,1043,,11576,1,,,negateve tymes negetve equals poseteve ,0,,,0,0,0,0,,,1048576,4294967295,4,41562.54552,41562.54616,0,0,0,0,0,0
46,,480011,1,1045,,11576,1,,,When you divide by a negative the sign changes.,0,,,1,0,0,0,,,364534,4294967295,1,41562.54568,41563.04858,0,0,0,0,0,0
47,,480196,1,1046,,11576,1,,,I learned how to solve compound inequalities.,0,,,1,0,0,0,,,364534,4294967295,1,41562.54578,41562.9985,0,0,0,0,0,0
48,,480835,1,1047,,11576,1,,,Change the signs when dividing by a negative,0,,,1,0,0,0,,,364534,4294967295,1,41562.54582,41562.99863,0,0,0,0,0,0
49,,481273,1,1048,,11576,1,,,changing the signs by dividing by a negative.,0,,,1,0,0,0,,,364534,4294967295,1,41562.54593,41562.99869,0,0,0,0,0,0
50,,480058,1,1049,,11576,1,,,"that you have to change sign when dividing when dividing by a negative coefishent 
",0,,,1,0,0,0,,,364534,4294967295,1,41562.54597,41562.99881,0,0,0,0,0,0
51,,744899,1,1050,,11576,1,,,2 ∞ & ,0,https://s3.amazonaws.com/algebranation/groupboard_uploads/528CBD1824940D7C6A370C7191C13D48.png,,1,0,0,0,,,364534,4294967295,1,41562.54604,41563.04253,0,0,0,0,0,0
53,,483414,1,1052,,11576,1,,,"hi

",0,,,1,0,0,0,,,364534,4294967295,1,41562.54613,41563.04839,0,0,0,0,0,0
54,,465253,1,1053,,11576,1,,,< is less than,0,,,1,0,0,0,,,917503,4294967295,1,41562.54623,41564.54462,0,0,0,0,0,0
55,,483537,1,1054,,11576,1,,,change the sign when × or ÷,0,,,1,0,0,0,,,364534,4294967295,1,41562.54642,41563.04368,0,0,0,0,0,0
56,,480058,1,1055,,11576,0,43,,"goodmoring pamela
",0,,,1,0,0,0,,,,4294967295,0,41562.54644,41562.54644,0,0,0,0,0,0
57,,480150,1,1056,,11576,1,,,Change the signs when multiplying. Math is fun.,0,,,1,0,0,0,,,364534,4294967295,1,41562.54662,41563.04356,0,0,0,0,0,0
58,,481862,1,1057,,11576,0,43,,yes isaiah i do!! how about you?! Xd,0,,,1,0,0,0,,,,4294967295,0,41562.5467,41562.5467,0,0,0,0,0,0
59,,757143,1,1058,,11576,1,,,"I learned that when I multiply or divide by a negative, I need to change the sign in inequalities.",0,,,1,0,0,0,,,364534,4294967295,1,41562.54679,41563.04347,0,0,0,0,0,0
60,,485318,1,1059,,11576,0,43,,@josepg igorra his site is amazing,0,,,0,0,0,0,,,,4294967295,0,41562.54704,41562.54727,0,0,0,0,0,0
61,,481273,1,1060,,11576,0,43,,morning :D lmao,0,,,1,0,0,0,,,,4294967295,0,41562.54726,41562.54726,0,0,0,0,0,0
62,,482836,1,1061,,11576,1,,,"Learned new things :D 
∞∞∞∞",0,,,0,0,0,0,,,1048576,4294967295,4,41562.54731,41562.54744,0,0,0,0,0,0
63,,481174,1,1062,,11576,1,,,I finally learned how to solve long equations Thank You,0,,,1,0,0,0,,,364534,4294967295,1,41562.54757,41563.00541,0,0,0,0,0,0
64,,485318,1,1063,,11576,0,43,,"omg thei amazing pamela , hi christian c: ",0,,,1,0,0,0,,,,4294967295,0,41562.54769,41562.54769,0,0,0,0,0,0
66,,481157,1,1065,,11576,1,,,hiiii,0,,,1,0,0,0,,,364534,4294967295,1,41562.58793,41562.9995,0,0,0,0,0,0
67,,481157,1,1066,,11576,1,,,im right next to david!,0,,,1,0,0,0,,,364534,4294967295,1,41562.58878,41562.98981,0,0,0,0,0,0
68,,481472,1,1067,,11576,1,,,I learned that when I multiply or divide by a negative,0,,,1,0,0,0,,,364534,4294967295,1,41562.58906,41562.99964,0,0,0,0,0,0
69,,480240,1,1068,,11576,1,,,I learned that when you multiply or divide you have to change the signs. But also do we only change it when it is a negative or no?,0,,,1,0,0,0,,,364534,4294967295,1,41562.58933,41904.75243,0,0,0,0,0,0
70,,482883,1,1069,,11576,1,,,on video 5 the first example didnt have to do with fraction and then on the try it they had fractions in the problem ,0,,,1,0,0,0,,,364534,4294967295,1,41562.5895,41563.00513,0,0,0,0,0,0
71,,483156,1,1070,,11576,1,,,< means less than. > means more than.,0,,,1,0,0,0,,,364534,4294967295,1,41562.58956,41563.04103,0,0,0,0,0,0
72,,482343,1,1071,,11576,1,,,Goodmorning from Pedro and Melissa :-),0,,,0,0,0,0,,,1048576,4294967295,4,41562.58961,41562.77135,0,0,0,0,0,0
73,,540520,1,1072,,11576,1,,,Austin Mahone  ,0,,,0,0,0,0,,,1048576,4294967295,4,41562.58962,41562.99089,0,0,0,0,0,0
74,,481482,1,1073,,11576,1,,,I learned how to solve inequalities.,0,,,1,0,0,0,,,364534,4294967295,1,41562.58965,41563.00049,0,0,0,0,0,0
75,,481904,1,1074,,11576,1,,,I learned how to solve compound inequalities.,0,,,1,0,0,0,,,364534,4294967295,1,41562.58969,41562.98948,0,0,0,0,0,0
77,,540520,1,1076,,11576,1,,,"I learned that about compounds.
",0,,,1,0,0,0,,,364534,4294967295,1,41562.58986,41562.98959,0,0,0,0,0,0
78,,482093,1,1077,,11576,0,67,,"im right next to jean
",0,,,1,0,0,0,,,,4294967295,0,41562.58995,41562.58995,0,0,0,0,0,0
79,,481776,1,1078,,11576,1,,,"I like this site... it helps me learn outside of school hours...its very helpful/beneficial towards me. :)
",0,,,1,0,0,0,,,364534,4294967295,1,41562.59006,41562.99025,0,0,0,0,0,0
80,,482093,1,1079,,11576,1,,,"i learned how to solve inequalities
",0,,,1,0,0,0,,,364534,4294967295,1,41562.59024,41562.9906,0,0,0,0,0,0
81,,481157,1,1080,,11576,0,72,,No NO NO good morning david,0,,,0,0,0,0,,,,4294967295,0,41562.59028,41562.59028,0,0,0,0,0,0
82,,480240,1,1081,,11576,0,72,,"Morning
",0,,,0,0,0,0,,,,4294967295,0,41562.59031,41562.59031,0,0,0,0,0,0
83,,482093,1,1082,,11576,1,,,and by the way. im sitting next to jean,0,,,1,0,0,0,,,364534,4294967295,1,41562.59054,41563.00064,0,0,0,0,0,0
84,,481343,1,1083,,11576,1,,,learned how to solve compound inequalities,0,,,1,0,0,0,,,364534,4294967295,1,41562.59065,41562.9908,0,0,0,0,0,0
85,,481904,1,1084,,11576,0,73,,"ew
",0,,,0,0,0,0,,,,4294967295,0,41562.59076,41562.59076,0,0,0,0,0,0
86,,482093,1,1085,,11576,0,72,,"hiiiiiiiiiii
",0,,,0,0,0,0,,,,4294967295,0,41562.59078,41562.59078,0,0,0,0,0,0
87,,481157,1,1086,,11576,0,72,,i mean pedro,0,,,0,0,0,0,,,,4294967295,0,41562.5908,41562.5908,0,0,0,0,0,0
88,,481157,1,1087,,11576,0,83,,hehehehe,0,,,1,0,0,0,,,,4294967295,0,41562.59206,41562.59206,0,0,0,0,0,0
89,,481157,1,1088,,11576,0,72,, melissa david thinks your cute,0,,,0,0,0,0,,,,4294967295,0,41562.59267,41562.59267,0,0,0,0,0,0
90,,481157,1,1089,,11576,0,72,,he told me him selff that he loves you melissa ,0,,,0,0,0,0,,,,4294967295,0,41562.59303,41562.59303,0,0,0,0,0,0
91,,481970,1,1090,,11576,1,,,hi ,0,,,1,0,0,0,,,364534,4294967295,1,41562.59561,41562.98664,0,0,0,0,0,0
92,,482343,1,1091,,11576,0,72,,"ofc, i'm melissa :-)",0,,,0,0,0,0,,,,4294967295,0,41562.59582,41562.59582,0,0,0,0,0,0
93,,480132,1,1092,,11576,1,,,"hey guys
",0,,,1,0,0,0,,,364534,4294967295,1,41562.59781,41562.98675,0,0,0,0,0,0
95,,807226,1,1094,,11646,1,,,Hey!!!!!!!,0,,,1,0,0,0,,,364534,4294967295,1,41562.5998,41562.9869,0,0,0,0,0,0
96,,815893,1,1095,,11646,0,95,,"Hello Chrischen..

",0,,,1,0,0,0,,,,4294967295,0,41562.60035,41562.60035,0,0,0,0,0,0
97,,817672,1,1096,,11646,0,65,,"hey
",0,,,0,0,0,0,,,,4294967295,0,41562.60104,41562.60104,0,0,0,0,0,0
98,,817672,1,1097,,11646,0,65,,"hey
",0,,,0,0,0,0,,,,4294967295,0,41562.60106,41562.60106,0,0,0,0,0,0
99,,821005,1,1098,,11646,0,65,,ohmygosh Erin.,0,,,0,0,0,0,,,,4294967295,0,41562.60109,41562.60109,0,0,0,0,0,0
100,,817672,1,1099,,11646,0,65,,"hey
",0,,,0,0,0,0,,,,4294967295,0,41562.60109,41562.60109,0,0,0,0,0,0
101,,807226,1,1100,,11646,0,95,,Hello,0,,,1,0,0,0,,,,4294967295,0,41562.60126,41562.60126,0,0,0,0,0,0
102,,821005,1,1101,,11646,0,65,,hey hey hey,0,,,0,0,0,0,,,,4294967295,0,41562.60146,41562.60146,0,0,0,0,0,0
103,,814238,1,1102,,11646,0,95,,"hey.
",0,,,1,0,0,0,,,,4294967295,0,41562.60146,41562.60146,0,0,0,0,0,0
104,,815893,1,1103,,11646,0,65,,"Hey hey hey.
",0,,,0,0,0,0,,,,4294967295,0,41562.60153,41562.60153,0,0,0,0,0,0
105,,815893,1,1104,,11646,0,65,,"Hey hey hey.
",0,,,0,0,0,0,,,,4294967295,0,41562.60159,41562.60159,0,0,0,0,0,0
107,,828920,1,1106,,11646,1,,,":)
",0,,,1,0,0,0,,,364534,4294967295,1,41562.60262,41562.98707,0,0,0,0,0,0
108,,828920,1,1107,,11646,1,,,":)
",0,,,0,0,0,0,,,1048576,4294967295,4,41562.60265,41562.98711,0,0,0,0,0,0
109,,828920,1,1108,,11646,1,,,":)
",0,,,1,0,0,0,,,364534,4294967295,1,41562.6027,41563.00444,0,0,0,0,0,0
110,,828920,1,1109,,11646,1,,,":)
",0,,,0,0,0,0,,,1048576,4294967295,4,41562.60274,41563.00068,0,0,0,0,0,0
111,,828920,1,1110,,11646,1,,,":)
",0,,,1,0,0,0,,,364534,4294967295,1,41562.60275,41563.00433,0,0,0,0,0,0
112,,828920,1,1111,,11646,1,,,":)
",0,,,1,0,0,0,,,364534,4294967295,1,41562.60275,41562.98104,0,0,0,0,0,0
113,,828920,1,1112,,11646,1,,,":)
",0,,,1,0,0,0,,,364534,4294967295,1,41562.60275,41563.00441,0,0,0,0,0,0
114,,828920,1,1113,,11646,1,,,":)
",0,,,0,0,0,0,,,1048576,4294967295,4,41562.60277,41562.77058,0,0,0,0,0,0
115,,807226,1,1114,,11646,0,65,,Hey yall!!!!!!,0,,,0,0,0,0,,,,4294967295,0,41562.60282,41562.60282,0,0,0,0,0,0
116,,812938,1,1115,,11646,0,65,,"really chrischen!!!!!!!
",0,,,0,0,0,0,,,,4294967295,0,41562.60378,41562.60378,0,0,0,0,0,0
117,,807226,1,1116,,11646,1,,,"Whats the equation for slope?
",0,,,1,0,0,0,,,364534,4294967295,1,41562.60398,41562.96553,0,0,0,0,0,0
118,,812938,1,1117,,11646,0,117,,"theres a equation for that?
",0,,,1,0,0,0,,,,4294967295,0,41562.60454,41562.60454,0,0,0,0,0,0
119,,815985,1,1118,,11646,0,117,,"y
--
x",0,,,1,0,0,0,,,,4294967295,0,41562.60476,41562.60476,0,0,0,0,0,0
120,,815985,1,1119,,11646,0,117,,rise over run,0,,,1,0,0,0,,,,4294967295,0,41562.605,41562.605,0,0,0,0,0,0
121,,812938,1,1120,,11646,0,117,,"run
--
rise
",0,,,1,0,0,0,,,,4294967295,0,41562.60521,41562.60521,0,0,0,0,0,0
122,,807226,1,1121,,11646,0,117,,"y= mx+ b i think
",0,,,1,0,0,0,,,,4294967295,0,41562.60535,41562.60535,0,0,0,0,0,0
123,,812938,1,1122,,11646,0,117,,"or 
rise
--
run
",0,,,1,0,0,0,,,,4294967295,0,41562.60542,41562.60542,0,0,0,0,0,0
124,,815985,1,1123,,11646,0,117,,its rise over run.,0,,,1,0,0,0,,,,4294967295,0,41562.60681,41562.60681,0,0,0,0,0,0
127,,807226,1,1126,,11646,0,117,,"Thank you Ty
",0,,,1,0,0,0,,,,4294967295,0,41562.60751,41562.60751,0,0,0,0,0,0
128,,815985,1,1127,,11646,1,,,algebra,0,,,1,0,0,0,,,364534,4294967295,1,41562.60755,41563.00419,0,0,0,0,0,0
129,,815893,1,1128,,11646,0,117,,"Y = mx + b
",0,,,1,0,0,0,,,,4294967295,0,41562.60843,41562.60843,0,0,0,0,0,0
130,,815985,1,1129,,11646,0,117,,welcome,0,,,1,0,0,0,,,,4294967295,0,41562.60925,41562.60925,0,0,0,0,0,0
131,,815985,1,1130,,11646,0,114,,why.,0,,,0,0,0,0,,,,4294967295,0,41562.60959,41562.60959,0,0,0,0,0,0
132,,815893,1,1131,,11646,0,114,,(:,0,,,0,0,0,0,,,,4294967295,0,41562.6106,41562.6106,0,0,0,0,0,0
133,,815985,1,1132,,11646,0,1,,hi,0,,,0,0,0,0,,,,4294967295,0,41562.61087,41562.61087,0,0,0,0,0,0
134,,807226,1,1133,,11646,0,114,,Quinn Hyde lives in walden lakee,0,,,0,0,0,0,,,,4294967295,0,41562.61116,41562.6115,0,0,0,0,0,0
135,,815893,1,1134,,11646,0,1,,Hey! (:,0,,,0,0,0,0,,,,4294967295,0,41562.61126,41562.61126,0,0,0,0,0,0
137,,815893,1,1136,,11646,0,117,,Welcome.,0,,,1,0,0,0,,,,4294967295,0,41562.61188,41562.61188,0,0,0,0,0,0
140,,823481,1,1139,,11646,1,,,what is 3x+2x,0,,,0,0,0,0,,,1048576,4294967295,4,41562.64206,41562.99593,0,0,0,0,0,0
141,,823481,1,1140,,11646,1,,,what is 3x+2x,0,,,0,0,0,0,,,1048576,4294967295,4,41562.64218,41563.00131,0,0,0,0,0,0
142,,823481,1,1141,,11646,1,,,what is 3x+2x,0,,,1,0,0,0,,,364534,4294967295,1,41562.64219,41562.98487,0,0,0,0,0,0
143,,823481,1,1142,,11646,1,,,what is 3x+2x,0,,,0,0,0,0,,,1048576,4294967295,4,41562.64238,41562.98869,0,0,0,0,0,0
144,,819411,1,1143,,11646,0,143,,5x,0,,,0,0,0,0,,,,4294967295,0,41562.64524,41562.64524,0,0,0,0,0,0
145,,819411,1,1144,,11646,1,,,"heyyyyyyyyyyy :D
",0,,,1,0,0,0,,,364534,4294967295,1,41562.64578,41562.9835,0,0,0,0,0,0
146,,816177,1,1145,,11646,0,142,,"5x
",0,,,1,0,0,0,,,,4294967295,0,41562.64691,41562.64691,0,0,0,0,0,0
147,,816177,1,1146,,11646,1,,,How do you solve radical equations?,0,,,0,0,0,0,,,1048576,4294967295,4,41562.64749,41562.76971,0,0,0,0,0,0
149,,481070,1,1148,,11576,0,117,,"rise over run

",0,,,1,0,0,0,,,,4294967295,0,41562.65804,41562.65804,0,0,0,0,0,0
150,,481408,1,1149,,11576,0,147,,"
:'",0,,,0,0,0,0,,,,4294967295,0,41562.65811,41562.65818,0,0,0,0,0,0
151,,465136,1,1150,,11576,0,114,,"whats up
",0,,,0,0,0,0,,,,4294967295,0,41562.6584,41562.6584,0,0,0,0,0,0
152,,482661,1,1151,,11576,1,,,how do u solve this 6c+5+2c,0,,,1,0,0,0,,,364534,4294967295,1,41562.65892,41562.98527,0,0,0,0,0,0
153,,483041,1,1152,,11576,1,,,3c - 3 < -6,0,,,1,0,0,0,,,364534,4294967295,1,41562.65928,41562.96942,0,0,0,0,0,0
154,,483442,1,1153,,11576,0,138,,I enjoyed this video very much,0,,,0,0,0,0,,,,4294967295,0,41562.65939,41562.65971,0,0,0,0,0,0
155,,483354,1,1154,,11576,1,,,plur,0,,,1,0,0,0,,,364534,4294967295,1,41562.65948,41562.98126,0,0,0,0,0,0
156,,483197,1,1155,,11576,1,,,cool,0,,,1,0,0,0,,,364534,4294967295,1,41562.65951,41562.98138,0,0,0,0,0,0
157,,481070,1,1156,,11576,1,,,"These questions are too easy... I learned all of this in 6th grade.
",0,,,0,0,0,0,,,1048576,4294967295,4,41562.65954,41562.77049,0,0,0,0,0,0
158,,481408,1,1157,,11576,1,,,i like it sooooo,0,,,1,0,0,0,,,364534,4294967295,1,41562.65963,41562.9815,0,0,0,0,0,0
159,,483992,1,1158,,11576,1,,,"it was a good video
",0,,,0,0,0,0,,,1048576,4294967295,4,41562.65965,41562.77007,0,0,0,0,0,0
160,,482053,1,1159,,11576,1,,,this video was easy.,0,,,1,0,0,0,,,364534,4294967295,1,41562.6597,41562.98181,0,0,0,0,0,0
161,,483502,1,1160,,11576,1,,,This is cool,0,,,1,0,0,0,,,364534,4294967295,1,41562.65981,41562.98196,0,0,0,0,0,0
162,,482682,1,1161,,11576,1,,,i like how it involves numbers,0,,,0,0,0,0,,,1048576,4294967295,4,41562.65983,41562.77023,0,0,0,0,0,0
163,,483354,1,1162,,11576,1,,,9+6*6/5+61++5649 how do you solve it,0,,,0,0,0,0,,,1048576,4294967295,4,41562.65985,41562.76994,0,0,0,0,0,0
164,,481408,1,1163,,11576,1,,,help me boo ,0,,,0,0,0,0,,,1048576,4294967295,4,41562.66001,41562.66015,0,0,0,0,0,0
166,,481750,1,1165,,11576,1,,,:D,0,,,0,0,0,0,,,1048576,4294967295,4,41562.66024,41562.77016,0,0,0,0,0,0
167,,481532,1,1166,,11576,1,,,algebra nation is incredible,0,https://s3.amazonaws.com/algebranation/groupboard_uploads/F5834DDE11C6266D3151BBB3AC33D570.png,,0,0,0,0,,,1048576,4294967295,4,41562.66034,41562.77013,0,0,0,0,0,0
168,,481070,1,1167,,11576,1,,,"6x+7-92343x=79+96x answer that hehehehehehehhe
",0,,,0,0,0,0,,,1048576,4294967295,4,41562.66057,41562.7701,0,0,0,0,0,0
169,,483502,1,1168,,11576,0,159,,ya,0,,,0,0,0,0,,,,4294967295,0,41562.66059,41562.66273,0,0,0,0,0,0
170,,482296,1,1169,,11576,1,,,how do you solve a long equation? ,0,,,0,0,0,0,,,1048576,4294967295,4,41562.66065,41562.77003,0,0,0,0,0,0
171,,483354,1,1170,,11576,0,163,,5728,0,,,0,0,0,0,,,,4294967295,0,41562.66082,41562.66082,0,0,0,0,0,0
172,,481254,1,1171,,11576,1,,,"tatiana>
",0,,,0,0,0,0,,,1048576,4294967295,4,41562.66087,41562.77001,0,0,0,0,0,0
173,,481070,1,1172,,11576,1,,,"#YOLOSWAG
",0,,,0,0,0,0,,,1048576,4294967295,4,41562.66103,41562.76998,0,0,0,0,0,0
174,,483502,1,1173,,11576,0,163,,12,0,,,0,0,0,0,,,,4294967295,0,41562.66118,41562.66123,0,0,0,0,0,0
175,,482682,1,1174,,11576,0,163,,no,0,,,0,0,0,0,,,,4294967295,0,41562.66128,41562.66128,0,0,0,0,0,0
176,,465136,1,1175,,11576,1,,,"-x^2-4x+c????
",0,,,0,0,0,0,,,1048576,4294967295,4,41562.66131,41562.76964,0,0,0,0,0,0
177,,483041,1,1176,,11576,0,152,,"you need to combine 6c and 2c.
",0,,,1,0,0,0,,,,4294967295,0,41562.66132,41562.66132,0,0,0,0,0,0
178,,481726,1,1177,,11576,1,,,"This program is clarifying how to solve problems I had problems with and I have learned a lot, thank you.",0,,,0,0,0,0,,,1048576,4294967295,1,41562.66155,41566.87573,0,0,0,0,0,0
180,,483354,1,1179,,11576,0,152,,"use the distributive property
",0,,,1,0,0,0,,,,4294967295,0,41562.66175,41562.66175,0,0,0,0,0,0
181,,481070,1,1180,,11576,1,,,"#Algebranationisinteresting
",0,,,1,0,0,0,,,364534,4294967295,1,41562.66181,41562.98227,0,0,0,0,0,0
182,,481254,1,1181,,11576,0,176,,6cxto the second power,0,,,0,0,0,0,,,,4294967295,0,41562.66194,41562.66194,0,0,0,0,0,0
185,,480456,1,1184,,11576,1,,,"The problem @ 6:14 was great, i loved how it brought distributive property back even though we already pass this exercise its still useful to recover. ^.^",0,,,0,0,0,0,,,1048576,4294967295,1,41562.66221,41566.87578,0,0,0,0,0,0
186,,483992,1,1185,,11576,0,183,,"super cute
",0,,,0,0,0,0,,,,4294967295,0,41562.66222,41562.66222,0,0,0,0,0,0
188,,481254,1,1187,,11576,0,176,,bbbbbbbbbbbbbbbbbbbbbbbbbbbbbbbbbbbbbbbbbbbbbbbbbbbbbbbbbbb,0,,,0,0,0,0,,,,4294967295,0,41562.66231,41562.66231,0,0,0,0,0,0
189,,453212,1,1188,,11576,0,152,,"6c+5+2c
-2c    -2c
4c+5
--  --
4  4
c=1.25",0,,,1,0,0,0,,,,4294967295,0,41562.66238,41562.66238,0,0,0,0,0,0
190,,481070,1,1189,,11576,1,,,"#YOLOSWAGFORTHEWIN
",0,,,0,0,0,0,,,1048576,4294967295,4,41562.66244,41562.76984,0,0,0,0,0,0
191,,481047,1,1190,,11576,0,190,,420blazeit,0,,,0,0,0,0,,,,4294967295,0,41562.66265,41562.66265,0,0,0,0,0,0
192,,762528,1,1191,,11576,1,,,"I like this site...
",0,,,0,0,0,0,,,1048576,4294967295,4,41562.66273,41562.66277,0,0,0,0,0,0
193,,482661,1,1192,,11576,0,152,,thanks ,0,,,1,0,0,0,,,,4294967295,0,41562.66274,41562.66274,0,0,0,0,0,0
194,,481047,1,1193,,11576,0,181,,this isn't twitter ,0,,,1,0,0,0,,,,4294967295,0,41562.66285,41562.66285,0,0,0,0,0,0
196,,453212,1,1195,,11576,1,,,wow! i love this video its actually better than real life!!...;),0,,,1,0,0,0,,,917503,4294967295,1,41562.66316,41562.88751,0,0,0,0,0,0
201,,874034,1,1200,,14346,1,,,hey guys! i'll be on the wall for the next hour to answer any questions you have!,0,,,0,0,0,0,,,364534,4294967295,5,41562.66692,41714.63381,0,0,0,0,0,0
202,,481047,1,1201,,11576,0,201,,4+4,0,,,0,0,0,0,,,,4294967295,0,41562.6686,41562.6686,0,0,0,0,0,0
203,,453212,1,1202,,11576,1,,,how to solve 9+x>8,0,,,1,0,0,0,,,364534,4294967295,1,41562.66878,41562.98078,0,0,0,0,0,0
204,,874034,1,1203,,14346,0,152,,"since this equation doesn't equal anything, you can't actually solve for c, the most you can do is combine like terms!",0,,,1,0,0,0,,,,4294967295,0,41562.66957,41714.63381,0,0,0,0,0,0
205,,874034,1,1204,,14346,0,185,,i'm so glad it helped david!,0,,,0,0,0,0,,,,4294967295,0,41562.66981,41714.63381,0,0,0,0,0,0
206,,874034,1,1205,,14346,0,178,,awesome! it's so great to hear that daniel!,0,,,0,0,0,0,,,,4294967295,0,41562.67,41714.63381,0,0,0,0,0,0
207,,481070,1,1206,,11576,1,,,#YOLOSWAG,0,,,0,0,0,0,,,1048576,4294967295,4,41562.67072,41562.76947,0,0,0,0,0,0
208,,874034,1,1207,,14346,0,153,,"hey alejandro! to solve this one, we want anything with a variable on the left side of the inequality, and anything else on the right. what do you think you should move over first?",0,,,1,0,0,0,,,,4294967295,0,41562.67088,41714.63381,0,0,0,0,0,0
209,,465136,1,1208,,11576,0,152,,"6c+5+2c
-2c    -2c
4c+5
--  --
4  4
c=1.25",0,,,1,0,0,0,,,,4294967295,0,41562.67122,41562.67122,0,0,0,0,0,0
210,,874034,1,1209,,14346,0,117,,nice job everyone! does anyone know what the equation for slope is when you have two points?,0,,,1,0,0,0,,,,4294967295,0,41562.67177,41714.63381,0,0,0,0,0,0
211,,481070,1,1210,,11576,1,,,"How do you solve SWAGx+68.7x?
",0,,,0,0,0,0,,,1048576,4294967295,4,41562.67178,41562.76821,0,0,0,0,0,0
212,,874034,1,1211,,14346,0,142,,nice job susanna!,0,,,1,0,0,0,,,,4294967295,0,41562.67186,41714.63381,0,0,0,0,0,0
213,,874034,1,1212,,14346,0,152,,"not quite reynaldo and corey! remember there is no equal sign, so you can't actually subtract 2c, you have to add it!",0,,,1,0,0,0,,,,4294967295,0,41562.67295,41714.63381,0,0,0,0,0,0
214,,874034,1,1213,,14346,0,203,,"hey corey! for this one, we want to have anything with a variable on the left side of the equation, and anything without a variable on the right side! which number should we move first?",0,,,1,0,0,0,,,,4294967295,0,41562.6734,41714.63381,0,0,0,0,0,0
215,,874034,1,1214,,14346,0,201,,that one is 8. i know that because i'm very good at math,0,,,0,0,0,0,,,,4294967295,0,41562.67362,41714.63381,0,0,0,0,0,0
217,,483294,1,1216,,11576,0,211,,lol,0,,,0,0,0,0,,,,4294967295,0,41562.68324,41562.68324,0,0,0,0,0,0
218,,480742,1,1217,,11576,1,,,"hi (:
& bye (;
",0,,,0,0,0,0,,,1048576,4294967295,4,41562.68368,41562.76811,0,0,0,0,0,0
219,,483294,1,1218,,11576,1,,,Vote E for Eminem and L for Lil wayne ,0,,,0,0,0,0,,,1048576,4294967295,4,41562.68439,41562.69091,0,0,0,0,0,0
220,,480617,1,1219,,11576,0,219,,"E,L
",0,,,0,0,0,0,,,,4294967295,0,41562.68494,41562.68494,0,0,0,0,0,0
221,,874034,1,1220,,14346,0,219,,this is super not math related haha,0,,,0,0,0,0,,,,4294967295,0,41562.68649,41714.63381,0,0,0,0,0,0
223,,497734,1,1222,,11537,0,201,,-12 over x = -24 over x,0,,,0,0,0,0,,,,4294967295,0,41562.69079,41562.69079,0,0,0,0,0,0
224,,874034,1,1223,,14346,0,201,,"hey jessica! i would suggest cross multiplying on that problem, but i think you'll find there's no solution!",0,,,0,0,0,0,,,,4294967295,0,41562.69243,41714.63381,0,0,0,0,0,0
225,,497734,1,1224,,11537,0,201,,"yeah, found that out the hard way cx, thanks tho!
",0,,,0,0,0,0,,,,4294967295,0,41562.69383,41562.69383,0,0,0,0,0,0
226,,874034,1,1225,,14346,0,201,,no prob!,0,,,0,0,0,0,,,,4294967295,0,41562.69428,41714.63381,0,0,0,0,0,0
228,,481216,1,1227,,11576,0,201,,4541549865+9963+9-8x,0,,,0,0,0,0,,,,4294967295,0,41562.70336,41562.70336,0,0,0,0,0,0
229,,483182,1,1228,,11576,1,,,1+1 ??,0,,,1,0,0,0,,,364534,4294967295,1,41562.70345,41562.97775,0,0,0,0,0,0
230,,462042,1,1229,,11576,1,,,How's it going?,0,,,0,0,0,0,,,1048576,4294967295,4,41562.7035,41562.70363,0,0,0,0,0,0
231,,481216,1,1230,,11576,0,201,,LONG LIVE A$AP,0,,,0,0,0,0,,,,4294967295,0,41562.70353,41562.70353,0,0,0,0,0,0
232,,746914,1,1231,,11576,1,,,anybody wanna lend me some money for mcdonalds?,0,,,0,0,0,0,,,1048576,4294967295,4,41562.70358,41562.76834,0,0,0,0,0,0
233,,481023,1,1232,,11576,1,,,"hello ppl :)

",0,,,0,0,0,0,,,1048576,4294967295,4,41562.7037,41562.76903,0,0,0,0,0,0
234,,497734,1,1233,,11537,1,,,1,0,,,0,0,0,0,,,1048576,4294967295,4,41562.70372,41562.76825,0,0,0,0,0,0
235,,483294,1,1234,,11576,1,,,normal beo,0,,,0,0,0,0,,,1048576,4294967295,4,41562.7038,41562.7683,0,0,0,0,0,0
236,,481216,1,1235,,11576,0,201,, :-),0,,,0,0,0,0,,,,4294967295,0,41562.70384,41562.70403,0,0,0,0,0,0
237,,462042,1,1236,,11576,0,232,,"Naw, chill bro
",0,,,0,0,0,0,,,,4294967295,0,41562.70397,41562.70397,0,0,0,0,0,0
238,,483044,1,1237,,11576,1,,,-6+4b=2(-8+3b) how?,0,,,1,0,0,0,,,364534,4294967295,4,41562.70398,41562.7069,0,0,0,0,0,0
239,,481175,1,1238,,11576,1,,,"hello
",0,,,0,0,0,0,,,1048576,4294967295,4,41562.704,41562.76839,0,0,0,0,0,0
240,,480617,1,1239,,11576,1,,,"asere que aburrido esta esto
",0,,,0,0,0,0,,,1048576,4294967295,4,41562.70412,41562.70444,0,0,0,0,0,0
241,,483044,1,1240,,11576,0,238,,the,0,,,1,0,0,0,,,,4294967295,0,41562.70424,41562.70424,0,0,0,0,0,0
242,,874034,1,1241,,14346,0,229,,i think you've got this one covered haha,0,,,1,0,0,0,,,,4294967295,0,41562.70427,41714.63381,0,0,0,0,0,0
243,,483074,1,1242,,11576,1,,,"probando 1,2,3 probando ",0,,,0,0,0,0,,,1048576,4294967295,4,41562.70429,41562.76843,0,0,0,0,0,0
244,,483044,1,1243,,11576,0,238,,f,0,,,1,0,0,0,,,,4294967295,0,41562.70433,41562.70433,0,0,0,0,0,0
245,,482726,1,1244,,11576,1,,,whats 6x42 ÷ 55×22°÷1 yo?,0,,,1,0,0,0,,,364534,4294967295,1,41562.70441,41562.78106,0,0,0,0,0,0
247,,874034,1,1246,,14346,0,238,,hey john! so the first step is always gonna be to get rid of those parentheses. what do you think you can do to clear them?,0,,,1,0,0,0,,,,4294967295,0,41562.70487,41714.63381,0,0,0,0,0,0
248,,482726,1,1247,,11576,0,238,,the answer is b=32,0,,,1,0,0,0,,,,4294967295,0,41562.70514,41562.70514,0,0,0,0,0,0
250,,874034,1,1249,,14346,0,201,,hahah actual math questions people!,0,,,0,0,0,0,,,,4294967295,0,41562.70541,41714.63381,0,0,0,0,0,0
254,,874034,1,1253,,14346,0,238,,nice try eddy but that's not correct! how did you get your answer?,0,,,1,0,0,0,,,,4294967295,0,41562.7069,41714.63381,0,0,0,0,0,0
257,,462042,1,1256,,11576,0,251,,naw chill jk,0,,,0,0,0,0,,,,4294967295,0,41562.70757,41562.70757,0,0,0,0,0,0
259,,483182,1,1258,,11576,1,,,-2.3=1.5g-0.9,0,,,1,0,0,0,,,364534,4294967295,1,41562.70815,41562.78341,0,0,0,0,0,0
260,,746914,1,1259,,11576,0,251,,what u on cuhz?,0,,,0,0,0,0,,,,4294967295,0,41562.70869,41562.70869,0,0,0,0,0,0
261,,874034,1,1260,,14346,0,259,,"hey johanet! for this one, we want anything with a variable on one side of the equals sign, and anything without a variable on the other side. so, what should you move first?",0,,,1,0,0,0,,,,4294967295,0,41562.70885,41714.63381,0,0,0,0,0,0
262,,482726,1,1261,,11576,0,251,,that good good,0,,,0,0,0,0,,,,4294967295,0,41562.71045,41562.71045,0,0,0,0,0,0
267,,822106,1,1266,,11646,0,112,,are you ok?,0,,,1,0,0,0,,,,4294967295,0,41562.78044,41562.78044,0,0,0,0,0,0
268,,830102,1,1267,,11646,0,203,,"Subtract 9 from both sides
",0,,,1,0,0,0,,,,4294967295,0,41562.78193,41562.78193,0,0,0,0,0,0
269,,830102,1,1268,,11646,0,152,,"8c+5

",0,,,1,0,0,0,,,,4294967295,0,41562.78233,41562.78233,0,0,0,0,0,0
270,,830102,1,1269,,11646,0,142,,"5x
",0,,,1,0,0,0,,,,4294967295,0,41562.78252,41562.78252,0,0,0,0,0,0
271,,846342,1,1270,,11646,0,1,,Konichiwa!,0,,,0,0,0,0,,,,4294967295,0,41562.7841,41562.7841,0,0,0,0,0,0
272,,830102,1,1271,,11646,0,153,,3c-3,0,,,1,0,0,0,,,,4294967295,0,41562.78414,41562.78414,0,0,0,0,0,0
273,,846342,1,1272,,11646,1,,,Nobody has any karma points? Huh...,0,,,1,0,0,0,,,364534,4294967295,1,41562.78534,41562.97972,0,0,0,0,0,0
274,,846342,1,1273,,11646,0,229,,"2, but you should already know that! :3",0,,,1,0,0,0,,,,4294967295,0,41562.78741,41562.78741,0,0,0,0,0,0
275,,828691,1,1274,,11646,0,273,,Karma point? Is that from Sims 3 or something...,0,,,1,0,0,0,,,,4294967295,0,41562.81935,41562.81935,0,0,0,0,0,0
276,,828691,1,1275,,11646,0,273,,OOH KARMA POINTS I see it now,0,,,1,0,0,0,,,,4294967295,0,41562.81963,41562.81963,0,0,0,0,0,0
278,,844235,1,1277,,11646,1,,,#Awesome,0,,,1,0,0,0,,,364534,4294967295,1,41562.82147,41562.97933,0,0,0,0,0,0
279,,852503,1,1278,,11646,0,145,,Heyy!,0,,,1,0,0,0,,,,4294967295,0,41562.82174,41562.82174,0,0,0,0,0,0
280,,828691,1,1279,,11646,0,278,,#MATH #mathisfun,0,,,1,0,0,0,,,,4294967295,0,41562.82185,41562.82185,0,0,0,0,0,0
281,,818933,1,1280,,11646,0,229,,5816067,0,,,1,0,0,0,,,,4294967295,0,41562.8224,41562.8224,0,0,0,0,0,0
282,,820930,1,1281,,11646,1,,,i want an ipad,0,,,1,0,0,0,,,364534,4294967295,1,41562.82241,41562.9674,0,0,0,0,0,0
283,,820930,1,1282,,11646,1,,,i want an ipad,0,,,1,0,0,0,,,917503,4294967295,1,41562.82244,41562.88709,0,0,0,0,0,0
284,,818933,1,1283,,11646,0,229,,5816067,0,,,1,0,0,0,,,,4294967295,0,41562.82247,41562.82247,0,0,0,0,0,0
285,,820930,1,1284,,11646,1,,,i want an ipad,0,,,0,0,0,0,,,1048576,4294967295,4,41562.82255,41562.97778,0,0,0,0,0,0
286,,818933,1,1285,,11646,0,229,,5816067,0,,,1,0,0,0,,,,4294967295,0,41562.82255,41562.82255,0,0,0,0,0,0
287,,828663,1,1286,,11646,0,229,,9816067 is the answer,0,,,1,0,0,0,,,,4294967295,0,41562.82257,41562.82257,0,0,0,0,0,0
288,,820930,1,1287,,11646,1,,,i want an ipad,0,,,0,0,0,0,,,1048576,4294967295,4,41562.8226,41562.9759,0,0,0,0,0,0
289,,813284,1,1288,,11646,1,,,This is pretty neat!,0,,,1,0,0,0,,,364534,4294967295,1,41562.82265,41562.97904,0,0,0,0,0,0
290,,844235,1,1289,,11646,1,,,"how do i sovle this equation... 1900+146945367
",0,,,0,0,0,0,,,1048576,4294967295,4,41562.8227,41562.88277,0,0,0,0,0,0
291,,820930,1,1290,,11646,1,,,i want an ipad,0,,,1,0,0,0,,,364534,4294967295,1,41562.82271,41562.97582,0,0,0,0,0,0
292,,815502,1,1291,,11646,0,165,,ok!!!!!!!!,0,,,1,0,0,0,,,,4294967295,0,41562.8228,41562.8228,0,0,0,0,0,0
293,,819655,1,1292,,11646,0,283,,me too!!!!,0,,,1,0,0,0,,,,4294967295,0,41562.82281,41562.82281,0,0,0,0,0,0
294,,819655,1,1293,,11646,0,283,,me too!!!!,0,,,0,0,0,0,,,,4294967295,0,41562.82285,41562.90329,0,0,0,0,0,0
295,,815502,1,1294,,11646,0,165,,ok!!!!!!!!,0,,,1,0,0,0,,,,4294967295,0,41562.82286,41562.82286,0,0,0,0,0,0
296,,813284,1,1295,,11646,1,,,This is pretty neat!,0,,,0,0,0,0,,,1048576,4294967295,1,41562.82291,41586.01091,0,0,0,0,0,0
297,,813284,1,1296,,11646,1,,,This is pretty neat!,0,,,0,0,0,0,,,1048576,4294967295,4,41562.823,41562.96642,0,0,0,0,0,0
298,,819655,1,1297,,11646,0,283,,me too!!!!,0,,,0,0,0,0,,,,4294967295,0,41562.82307,41562.90332,0,0,0,0,0,0
299,,844235,1,1298,,11646,1,,,"1+21
",0,,,0,0,0,0,,,1048576,4294967295,4,41562.82309,41562.88602,0,0,0,0,0,0
300,,819655,1,1299,,11646,0,283,,me too!!!!,0,,,0,0,0,0,,,,4294967295,0,41562.82311,41562.90336,0,0,0,0,0,0
301,,819655,1,1300,,11646,0,283,,me too!!!!,0,,,0,0,0,0,,,,4294967295,0,41562.82313,41562.9034,0,0,0,0,0,0
302,,829122,1,1301,,11646,1,,,no karma points!! ;((,0,,,0,0,0,0,,,1048576,4294967295,4,41562.82313,41562.82404,0,0,0,0,0,0
303,,819655,1,1302,,11646,0,283,,me too!!!!,0,,,0,0,0,0,,,,4294967295,0,41562.82314,41562.90348,0,0,0,0,0,0
304,,813284,1,1303,,11646,1,,,This is pretty neat!,0,,,0,0,0,0,,,1048576,4294967295,1,41562.8233,41586.01108,0,0,0,0,0,0
305,,819655,1,1304,,11646,0,282,,Me too!!!!,0,,,1,0,0,0,,,,4294967295,0,41562.82334,41562.82334,0,0,0,0,0,0
306,,819655,1,1305,,11646,0,282,,Me too!!!!,0,,,1,0,0,0,,,,4294967295,0,41562.82336,41562.82336,0,0,0,0,0,0
307,,816541,1,1306,,11646,0,299,,22,0,,,0,0,0,0,,,,4294967295,0,41562.82338,41562.82338,0,0,0,0,0,0
308,,815795,1,1307,,11646,0,153,,c,0,,,0,0,0,0,,,,4294967295,0,41562.82343,41562.82351,0,0,0,0,0,0
309,,829122,1,1308,,11646,0,283,,"me too
",0,,,0,0,0,0,,,,4294967295,0,41562.82345,41562.90345,0,0,0,0,0,0
310,,844235,1,1309,,11646,0,283,,"me to me too me too 
",0,,,1,0,0,0,,,,4294967295,0,41562.82345,41562.82345,0,0,0,0,0,0
311,,812110,1,1310,,11646,0,299,,22,0,,,0,0,0,0,,,,4294967295,0,41562.82352,41562.8241,0,0,0,0,0,0
312,,813284,1,1311,,11646,1,,,This is pretty neat!,0,,,0,0,0,0,,,1048576,4294967295,1,41562.82353,41586.01102,0,0,0,0,0,0
313,,829122,1,1312,,11646,0,299,,"23
",0,,,0,0,0,0,,,,4294967295,0,41562.82353,41562.82359,0,0,0,0,0,0
314,,812110,1,1313,,11646,0,299,,22,0,,,0,0,0,0,,,,4294967295,0,41562.82365,41562.82417,0,0,0,0,0,0
315,,812110,1,1314,,11646,0,299,,22,0,,,0,0,0,0,,,,4294967295,0,41562.82369,41562.82369,0,0,0,0,0,0
316,,812110,1,1315,,11646,0,299,,22,0,,,0,0,0,0,,,,4294967295,0,41562.82369,41562.82369,0,0,0,0,0,0
317,,812110,1,1316,,11646,0,299,,22,0,,,0,0,0,0,,,,4294967295,0,41562.8237,41562.8237,0,0,0,0,0,0
318,,812110,1,1317,,11646,0,299,,22,0,,,0,0,0,0,,,,4294967295,0,41562.82376,41562.82376,0,0,0,0,0,0
319,,812110,1,1318,,11646,0,299,,22,0,,,0,0,0,0,,,,4294967295,0,41562.82377,41562.82377,0,0,0,0,0,0
320,,812110,1,1319,,11646,0,299,,22,0,,,0,0,0,0,,,,4294967295,0,41562.82377,41562.82377,0,0,0,0,0,0
321,,812110,1,1320,,11646,0,299,,22,0,,,0,0,0,0,,,,4294967295,0,41562.82378,41562.82378,0,0,0,0,0,0
322,,812110,1,1321,,11646,0,299,,22,0,,,0,0,0,0,,,,4294967295,0,41562.82378,41562.82378,0,0,0,0,0,0
323,,812110,1,1322,,11646,0,299,,22,0,,,0,0,0,0,,,,4294967295,0,41562.8238,41562.8238,0,0,0,0,0,0
324,,812110,1,1323,,11646,0,299,,22,0,,,0,0,0,0,,,,4294967295,0,41562.8238,41562.8238,0,0,0,0,0,0
325,,812110,1,1324,,11646,0,299,,22,0,,,0,0,0,0,,,,4294967295,0,41562.8238,41562.8238,0,0,0,0,0,0
326,,812110,1,1325,,11646,0,299,,22,0,,,0,0,0,0,,,,4294967295,0,41562.82381,41562.82456,0,0,0,0,0,0
327,,812110,1,1326,,11646,0,299,,22,0,,,0,0,0,0,,,,4294967295,0,41562.82381,41562.82424,0,0,0,0,0,0
329,,815795,1,1328,,11646,0,153,,c is less than -1,0,,,1,0,0,0,,,,4294967295,0,41562.8239,41562.8239,0,0,0,0,0,0
330,,844235,1,1329,,11646,1,,,"369875421+369852
",0,,,0,0,0,0,,,1048576,4294967295,4,41562.82413,41562.88738,0,0,0,0,0,0
331,,828547,1,1330,,11646,0,299,,"22
",0,,,0,0,0,0,,,,4294967295,0,41562.82416,41562.82416,0,0,0,0,0,0
332,,815795,1,1331,,11646,0,283,,me four,0,,,1,0,0,0,,,,4294967295,0,41562.82418,41562.82418,0,0,0,0,0,0
333,,828547,1,1332,,11646,0,283,,me too,0,,,0,0,0,0,,,,4294967295,0,41562.82439,41562.90322,0,0,0,0,0,0
334,,820930,1,1333,,11646,1,,,c=y+23-7,0,,,0,0,0,0,,,1048576,4294967295,4,41562.82464,41562.88616,0,0,0,0,0,0
335,,820930,1,1334,,11646,1,,,c=y+23-7,0,,,0,0,0,0,,,1048576,4294967295,4,41562.82472,41562.88611,0,0,0,0,0,0
336,,844235,1,1335,,11646,0,299,,"thank you so much, i have officially learned to add
",0,,,0,0,0,0,,,,4294967295,0,41562.82479,41562.82479,0,0,0,0,0,0
339,,828691,1,1338,,11646,0,337,,At least I LIKE math,0,,,1,0,0,0,,,,4294967295,0,41562.82531,41562.82531,0,0,0,0,0,0
340,,819655,1,1339,,11646,0,290,,"hi
",0,,,0,0,0,0,,,,4294967295,0,41562.8256,41562.8256,0,0,0,0,0,0
341,,815502,1,1340,,11646,0,117,,"y differnce to 2 points and x difference to 2 points is that ok
Y              y-x
/
x",0,,,1,0,0,0,,,,4294967295,0,41562.82608,41562.82608,0,0,0,0,0,0
342,,835494,1,1341,,11646,1,,,216=15x + 35 -14 solve for x,0,,,1,0,0,0,,,364534,4294967295,1,41562.82679,41562.98789,0,0,0,0,0,0
343,,835494,1,1342,,11646,1,,,216=15x + 35 -14 solve for x,0,,,0,0,0,0,,,1048576,4294967295,4,41562.82745,41562.88366,0,0,0,0,0,0
345,,828691,1,1344,,11646,0,344,,SHAPES!!!,0,,,1,0,0,0,,,,4294967295,0,41562.8277,41562.8277,0,0,0,0,0,0
346,,815502,1,1345,,11646,0,196,,i know right!!!!!!!!!,0,,,1,0,0,0,,,,4294967295,0,41562.82772,41562.82772,0,0,0,0,0,0
347,,835494,1,1346,,11646,1,,,"I did not mean to post it twice, sorry",0,,,0,0,0,0,,,1048576,4294967295,4,41562.82819,41562.88473,0,0,0,0,0,0
348,,828691,1,1347,,11646,0,117,,"RISE OVER RUN

y
-
x",0,,,1,0,0,0,,,,4294967295,0,41562.82847,41562.82847,0,0,0,0,0,0
349,,818933,1,1348,,11646,0,343,,13,0,,,0,0,0,0,,,,4294967295,0,41562.82939,41562.82939,0,0,0,0,0,0
350,,828691,1,1349,,11646,0,343,,13 = x,0,,,0,0,0,0,,,,4294967295,0,41562.82969,41562.82969,0,0,0,0,0,0
351,,828691,1,1350,,11646,0,342,,13 = x,0,,,1,0,0,0,,,,4294967295,0,41562.83023,41562.83023,0,0,0,0,0,0
